id;jhi_key;message;partition
1;Solutions Cove;Agent;51442
2;Savings Account functionalities;UAE Dirham International Quality-focused;15659
3;metrics FTP invoice;orchestrate;72263
4;Computer compressing;executive card;93192
5;non-volatile Station;Fantastic Implementation Handcrafted Concrete Salad;93096
6;Regional;Small Frozen Bacon supply-chains indigo;47358
7;Infrastructure XML;transitional;37649
8;Nebraska Senior;Licensed Plastic Salad;91384
9;Bedfordshire virtual;bypassing Checking Account synergistic;41112
10;synthesize;static Fish;60100
